-- ============================================
-- 测试数据脚本
-- 前置条件：先执行 init.sql 创建表结构
-- ============================================

-- ============================================
-- 插入巴西订单测试数据
-- ============================================
INSERT INTO `olist_orders` (`order_id`, `customer_id`, `order_status`, `product_id`, `product_category`, `price`, `freight_value`, `order_date`, `order_delivered_customer_date`, `shipping_limit_date`, `customer_city`, `customer_state`) VALUES
('BR-001', 'C001', 'delivered', 'P001', '电子产品', 299.00, 25.00, '2024-01-15', '2024-01-28', '2024-01-18', 'São Paulo', 'SP'),
('BR-002', 'C002', 'delivered', 'P002', '服装配饰', 159.00, 15.00, '2024-01-16', '2024-01-30', '2024-01-19', 'Rio de Janeiro', 'RJ'),
('BR-003', 'C003', 'delivered', 'P003', '家居用品', 399.00, 35.00, '2024-01-17', '2024-02-01', '2024-01-20', 'Belo Horizonte', 'MG'),
('BR-004', 'C004', 'delivered', 'P004', '美妆护肤', 89.00, 12.00, '2024-01-18', '2024-01-31', '2024-01-21', 'Salvador', 'BA'),
('BR-005', 'C005', 'delivered', 'P005', '母婴用品', 229.00, 28.00, '2024-01-19', '2024-02-05', '2024-01-22', 'Curitiba', 'PR'),
('BR-006', 'C006', 'delivered', 'P006', '运动户外', 459.00, 32.00, '2024-02-01', '2024-02-15', '2024-02-03', 'Fortaleza', 'CE'),
('BR-007', 'C007', 'delivered', 'P007', '食品饮料', 69.00, 8.00, '2024-02-02', '2024-02-12', '2024-02-04', 'Brasília', 'DF'),
('BR-008', 'C008', 'delivered', 'P008', '宠物用品', 189.00, 22.00, '2024-02-03', '2024-02-18', '2024-02-05', 'Manaus', 'AM'),
('BR-009', 'C009', 'delivered', 'P009', '汽车配件', 599.00, 45.00, '2024-02-10', '2024-02-25', '2024-02-12', 'Recife', 'PE'),
('BR-010', 'C010', 'delivered', 'P010', '数码配件', 129.00, 18.00, '2024-02-11', '2024-02-22', '2024-02-13', 'Porto Alegre', 'RS'),
('BR-011', 'C011', 'delivered', 'P001', '电子产品', 349.00, 25.00, '2024-02-12', '2024-02-28', '2024-02-14', 'São Paulo', 'SP'),
('BR-012', 'C012', 'delivered', 'P003', '家居用品', 289.00, 35.00, '2024-02-13', '2024-03-01', '2024-02-15', 'Rio de Janeiro', 'RJ'),
('BR-013', 'C013', 'delivered', 'P006', '运动户外', 529.00, 32.00, '2024-02-14', '2024-03-01', '2024-02-16', 'Belo Horizonte', 'MG'),
('BR-014', 'C014', 'delivered', 'P004', '美妆护肤', 119.00, 12.00, '2024-02-15', '2024-02-28', '2024-02-17', 'Curitiba', 'PR'),
('BR-015', 'C015', 'delivered', 'P002', '服装配饰', 199.00, 15.00, '2024-02-20', '2024-03-05', '2024-02-22', 'Fortaleza', 'CE'),
('BR-016', 'C016', 'delivered', 'P005', '母婴用品', 259.00, 28.00, '2024-03-01', '2024-03-15', '2024-03-03', 'Salvador', 'BA'),
('BR-017', 'C017', 'delivered', 'P008', '宠物用品', 149.00, 22.00, '2024-03-02', '2024-03-18', '2024-03-04', 'Brasília', 'DF'),
('BR-018', 'C018', 'delivered', 'P010', '数码配件', 99.00, 18.00, '2024-03-03', '2024-03-15', '2024-03-05', 'Recife', 'PE'),
('BR-019', 'C019', 'delivered', 'P001', '电子产品', 429.00, 25.00, '2024-03-10', '2024-03-25', '2024-03-12', 'Manaus', 'AM'),
('BR-020', 'C020', 'delivered', 'P007', '食品饮料', 79.00, 8.00, '2024-03-11', '2024-03-22', '2024-03-13', 'Porto Alegre', 'RS')
ON DUPLICATE KEY UPDATE `price` = VALUES(`price`);

-- ============================================
-- 插入国内订单测试数据
-- ============================================
INSERT INTO `domestic_orders` (`order_id`, `category`, `product_name`, `quantity`, `unit_price`, `total_amount`, `cost_price`, `order_date`, `region`, `sales_channel`) VALUES
('DN-001', '电子产品', '无线蓝牙耳机', 120, 89.00, 10680.00, 45.00, '2024-01-15', '华东', '天猫'),
('DN-002', '服装配饰', '女士连衣裙', 85, 129.00, 10965.00, 65.00, '2024-01-16', '华南', '淘宝'),
('DN-003', '家居用品', '收纳储物柜', 60, 199.00, 11940.00, 95.00, '2024-01-17', '华北', '京东'),
('DN-004', '美妆护肤', '氨基酸洗面奶', 200, 45.00, 9000.00, 18.00, '2024-01-18', '华东', '天猫'),
('DN-005', '母婴用品', '婴儿纸尿裤M码', 150, 89.00, 13350.00, 42.00, '2024-01-19', '华南', '京东'),
('DN-006', '运动户外', '瑜伽垫加厚款', 95, 69.00, 6555.00, 32.00, '2024-02-01', '西南', '天猫'),
('DN-007', '食品饮料', '有机坚果礼盒', 45, 158.00, 7110.00, 75.00, '2024-02-02', '华东', '淘宝'),
('DN-008', '宠物用品', '猫粮成猫专用', 80, 99.00, 7920.00, 52.00, '2024-02-03', '华北', '天猫'),
('DN-009', '汽车配件', '行车记录仪', 35, 359.00, 12565.00, 180.00, '2024-02-10', '东北', '京东'),
('DN-010', '数码配件', '手机数据线', 300, 19.00, 5700.00, 8.00, '2024-02-11', '华东', '拼多多'),
('DN-011', '电子产品', '智能手环', 100, 199.00, 19900.00, 95.00, '2024-02-12', '华南', '天猫'),
('DN-012', '家居用品', '智能垃圾桶', 50, 259.00, 12950.00, 125.00, '2024-02-13', '西南', '京东'),
('DN-013', '运动户外', '跑步运动鞋', 70, 299.00, 20930.00, 145.00, '2024-02-14', '华北', '天猫'),
('DN-014', '美妆护肤', '保湿面膜20片装', 180, 59.00, 10620.00, 22.00, '2024-02-15', '华东', '淘宝'),
('DN-015', '服装配饰', '男士T恤纯棉', 120, 79.00, 9480.00, 38.00, '2024-02-20', '华南', '拼多多'),
('DN-016', '母婴用品', '儿童滑板车', 40, 189.00, 7560.00, 92.00, '2024-03-01', '华东', '天猫'),
('DN-017', '宠物用品', '宠物窝四季通用', 55, 89.00, 4895.00, 42.00, '2024-03-02', '华北', '京东'),
('DN-018', '数码配件', '充电宝20000mAh', 85, 99.00, 8415.00, 48.00, '2024-03-03', '西南', '天猫'),
('DN-019', '电子产品', '便携式音箱', 65, 159.00, 10335.00, 78.00, '2024-03-10', '东北', '淘宝'),
('DN-020', '食品饮料', '进口红酒750ml', 30, 299.00, 8970.00, 155.00, '2024-03-11', '华东', '京东')
ON DUPLICATE KEY UPDATE `total_amount` = VALUES(`total_amount`);

-- ============================================
-- 插入选品评分测试数据
-- ============================================
INSERT INTO `selection_score` (`category`, `market_score`, `supply_score`, `competition_score`, `profit_score`, `growth_score`, `final_score`, `grade`, `radar_data`, `monthly_trend`) VALUES
('电子产品', 85, 78, 65, 88, 92, 82, 'A', '85,78,65,88,92,82', '5234,6100,4800,7200,5500,6800'),
('服装配饰', 90, 85, 70, 75, 80, 80, 'A', '90,85,70,75,80,80', '4500,5200,5800,4900,6300,7100'),
('家居用品', 75, 80, 60, 85, 78, 76, 'B', '75,80,60,85,78,76', '3200,3800,4100,3600,4500,5200'),
('美妆护肤', 88, 75, 55, 82, 85, 77, 'B', '88,75,55,82,85,77', '4100,4800,5200,4600,5800,6500'),
('母婴用品', 80, 82, 68, 78, 75, 77, 'B', '80,82,68,78,75,77', '2800,3200,3600,3100,4000,4800'),
('运动户外', 82, 78, 72, 80, 88, 80, 'A', '82,78,72,80,88,80', '5100,5800,6200,5600,7000,7800'),
('食品饮料', 70, 88, 75, 65, 68, 73, 'B', '70,88,75,65,68,73', '2400,2800,3200,2700,3500,4100'),
('宠物用品', 78, 85, 58, 82, 90, 79, 'B', '78,85,58,82,90,79', '3600,4200,4800,4400,5600,6400'),
('汽车配件', 65, 72, 80, 70, 62, 70, 'C', '65,72,80,70,62,70', '1800,2100,2400,2000,2600,3000'),
('数码配件', 92, 88, 78, 85, 90, 87, 'S', '92,88,78,85,90,87', '6200,7100,7800,8200,8900,9600')
ON DUPLICATE KEY UPDATE `final_score` = VALUES(`final_score`);

-- ============================================
-- 插入选品结果测试数据
-- ============================================
INSERT INTO `selection_result` (`category`, `cn_category`, `score`, `grade`, `status`, `brazil_sales`, `china_sales`, `profit_margin`, `growth_rate`, `recommendation`) VALUES
('电子产品', '电子产品', 82, 'A', '蓝海', 12500, 19900, 38.50, 35.20, '高需求、低竞争、利润空间大'),
('服装配饰', '服装配饰', 80, 'A', '蓝海', 8900, 10965, 32.80, 28.50, '市场需求稳定增长，供应链成熟'),
('家居用品', '家居用品', 76, 'B', '黄海', 6500, 11940, 28.90, 22.30, '竞争激烈，需差异化选品'),
('美妆护肤', '美妆护肤', 77, 'B', '蓝海', 7800, 10620, 42.50, 38.70, '高毛利产品，需注意认证要求'),
('母婴用品', '母婴用品', 77, 'B', '黄海', 5600, 13350, 35.20, 25.80, '竞争激烈，偏向红海市场'),
('运动户外', '运动户外', 80, 'A', '蓝海', 9200, 20930, 36.40, 42.10, '市场快速增长，适合跨境'),
('食品饮料', '食品饮料', 73, 'B', '红海', 4200, 7110, 25.60, 15.30, '监管严格，利润空间有限'),
('宠物用品', '宠物用品', 79, 'B', '蓝海', 6800, 7920, 40.80, 48.50, '新兴市场，增长潜力大'),
('汽车配件', '汽车配件', 70, 'C', '红海', 3500, 12565, 22.30, 12.80, '技术门槛高，竞争激烈'),
('数码配件', '数码配件', 87, 'S', '蓝海', 15000, 24800, 42.10, 52.30, '高评分品类，首选推荐')
ON DUPLICATE KEY UPDATE `score` = VALUES(`score`);

-- ============================================
-- 插入巴西税率数据
-- ============================================
INSERT INTO `tax_rates` (`country`, `country_name`, `category`, `import_tax_rate`, `vat_rate`, `consumption_tax_rate`, `effective_tax_rate`, `hs_code`, `description`, `policy_changes`, `tax_tips`) VALUES
('brazil', '巴西', '服装配饰', 10.00, 17.00, 0.00, 28.87, '61-62章', '服装类商品', '2024年巴西政府宣布降低部分消费品进口关税', '建议通过正规清关渠道进口，确保HS编码准确'),
('brazil', '巴西', '电子产品', 10.00, 17.00, 0.00, 28.87, '85章', '电子设备类商品', '电子产品进口关税从15%降至10%', '巴西清关周期较长，建议预留足够时间'),
('brazil', '巴西', '家居用品', 10.00, 17.00, 0.00, 28.87, '94章', '家具及家居用品', '家居类产品保持稳定税率', '选择可靠的物流合作伙伴'),
('brazil', '巴西', '美妆护肤', 10.00, 17.00, 15.00, 43.87, '33章', '化妆品及护肤品', '美妆产品需额外注意ANVISA认证', '需提前申请ANVISA认证，认证周期约3-6个月'),
('brazil', '巴西', '母婴用品', 10.00, 17.00, 0.00, 28.87, '95章', '玩具及婴幼儿用品', '儿童产品有特殊监管要求', '确保产品符合巴西安全标准'),
('brazil', '巴西', '运动户外', 10.00, 17.00, 0.00, 28.87, '95章', '体育用品', '体育用品税率保持稳定', '运动品类市场需求持续增长'),
('brazil', '巴西', '食品饮料', 0.00, 17.00, 0.00, 17.00, '21章', '食品及饮料', '食品类进口税率较低', '需办理巴西食品认证'),
('brazil', '巴西', '宠物用品', 10.00, 17.00, 0.00, 28.87, '95章', '宠物用品', '宠物市场快速增长', '选择有经验的物流服务商'),
('brazil', '巴西', '汽车配件', 10.00, 17.00, 0.00, 28.87, '87章', '汽车零部件', '汽配类产品税率稳定', '注意原产地标识要求'),
('brazil', '巴西', '数码配件', 10.00, 17.00, 0.00, 28.87, '85章', '电子配件', '配件类产品需求旺盛', '综合税率较高，需做好成本核算')
ON DUPLICATE KEY UPDATE `effective_tax_rate` = VALUES(`effective_tax_rate`);

-- ============================================
-- 插入中国税率数据
-- ============================================
INSERT INTO `tax_rates` (`country`, `country_name`, `category`, `import_tax_rate`, `vat_rate`, `consumption_tax_rate`, `effective_tax_rate`, `hs_code`, `description`, `policy_changes`, `tax_tips`) VALUES
('china', '中国', '服装配饰', 0.00, 13.00, 0.00, 13.00, '61-62章', '服装类商品', '跨境电商综试区政策持续优化', '可申请出口退税，合理利用政策优惠'),
('china', '中国', '电子产品', 0.00, 13.00, 0.00, 13.00, '85章', '电子设备类商品', '电子产品出口退税率稳定', '选择市场采购贸易等便利化方式'),
('china', '中国', '家居用品', 0.00, 13.00, 0.00, 13.00, '94章', '家具及家居用品', '家具出口保持增长态势', '利用跨境电商综合试验区政策'),
('china', '中国', '美妆护肤', 0.00, 13.00, 0.00, 13.00, '33章', '化妆品及护肤品', '美妆产品出口退税率较高', '注意目的地国家的化妆品法规'),
('china', '中国', '母婴用品', 0.00, 13.00, 0.00, 13.00, '95章', '玩具及婴幼儿用品', '儿童产品出口增长迅速', '确保符合目的地安全标准'),
('china', '中国', '运动户外', 0.00, 13.00, 0.00, 13.00, '95章', '体育用品', '户外运动用品需求增长', '选择可靠的物流渠道'),
('china', '中国', '食品饮料', 0.00, 9.00, 0.00, 9.00, '21章', '食品及饮料', '食品出口需办理SC认证', '注意目的地国家的食品进口要求'),
('china', '中国', '宠物用品', 0.00, 13.00, 0.00, 13.00, '95章', '宠物用品', '宠物市场快速增长', '宠物食品需特殊认证'),
('china', '中国', '汽车配件', 0.00, 13.00, 0.00, 13.00, '87章', '汽车零部件', '汽配出口保持稳定', '注意目的地认证要求'),
('china', '中国', '数码配件', 0.00, 13.00, 0.00, 13.00, '85章', '电子配件', '配件类产品出口增长', '利用跨境电商便利化政策')
ON DUPLICATE KEY UPDATE `effective_tax_rate` = VALUES(`effective_tax_rate`);

-- ============================================
-- 插入汇率数据
-- ============================================
INSERT INTO `exchange_rates` (`from_currency`, `to_currency`, `rate`) VALUES
('CNY', 'BRL', 5.5000),
('BRL', 'CNY', 0.1818),
('CNY', 'USD', 0.1400),
('USD', 'CNY', 7.2400),
('BRL', 'USD', 0.2000),
('USD', 'BRL', 5.0000),
('CNY', 'EUR', 0.1300),
('EUR', 'CNY', 7.8000)
ON DUPLICATE KEY UPDATE `rate` = VALUES(`rate`);

-- ============================================
-- 测试数据导入完成
-- ============================================
